CREATE DATABASE db1;
CREATE TABLE db1.t1 (
c1 int NOT NULL,
c2 int NOT NULL,
PRIMARY KEY (c1)
);
INSERT INTO db1.t1 (c1,c2) VALUES (1,11);
INSERT INTO db1.t1 (c1,c2) VALUES (2,22);
INSERT INTO db1.t1 (c1,c2) VALUES (3,33);
START TRANSACTION;
SELECT * FROM db1.t1 WHERE c1=2 FOR UPDATE;
c1	c2
2	22
START TRANSACTION;
SELECT * FROM db1.t1 WHERE c1=2 LOCK IN SHARE MODE;
START TRANSACTION;
SELECT * FROM db1.t1 WHERE c1=2 LOCK IN SHARE MODE;
You should see a Lost connection message
ERROR HY000: Lost connection to MySQL server at 'waiting for initial communication packet', system error: 110
Found 1 stuck connections
ROLLBACK;
c1	c2
2	22
ROLLBACK;
c1	c2
2	22
ROLLBACK;
Clean up
DROP TABLE db1.t1;
DROP DATABASE db1;
