CREATE DATABASE db1;
CREATE TABLE db1.t1 (
c1 int NOT NULL,
c2 int NOT NULL,
PRIMARY KEY (c1)
);
INSERT INTO db1.t1 (c1,c2) VALUES (1,11);
INSERT INTO db1.t1 (c1,c2) VALUES (2,22);
INSERT INTO db1.t1 (c1,c2) VALUES (3,33);
START TRANSACTION;
SELECT * FROM db1.t1 WHERE c1=2 FOR UPDATE;
c1	c2
2	22
START TRANSACTION;
SELECT * FROM db1.t1 WHERE c1=2 LOCK IN SHARE MODE;
START TRANSACTION;
SELECT * FROM db1.t1 WHERE c1=2 LOCK IN SHARE MODE;
SELECT 1;
queue_length 0
1
1
SELECT 1;
queue_length 0
1
1
SET GLOBAL debug="+d,threadpool_io_poll_wait_at_lease_2_events";
SELECT 1;
SET GLOBAL debug="-d,threadpool_io_poll_wait_at_lease_2_events";
SELECT 1;
queue_length 1
ROLLBACK;
c1	c2
2	22
ROLLBACK;
c1	c2
2	22
ROLLBACK;
1
1
1
1
Clean up
DROP TABLE db1.t1;
DROP DATABASE db1;
